Country,Clicks,Impressions,CTR,Position
India,89,6031,1.48%,22.73
United States,40,65564,0.06%,28.47
Pakistan,25,871,2.87%,9.8
Bangladesh,18,284,6.34%,12.7
United Kingdom,9,9887,0.09%,29.8
Indonesia,8,249,3.21%,11.93
Philippines,7,268,2.61%,12.75
Germany,6,1493,0.4%,14.39
Canada,5,2705,0.18%,29.09
Australia,5,522,0.96%,17.85
France,5,331,1.51%,8.6
Ethiopia,5,42,11.9%,8.38
Brazil,4,612,0.65%,11.15
Egypt,4,137,2.92%,13.36
Malta,4,26,15.38%,14.46
Turkey,3,102,2.94%,10.1
Taiwan,3,85,3.53%,7.68
Kenya,3,69,4.35%,8.29
Tunisia,3,58,5.17%,7.36
Italy,2,396,0.51%,9.51
Mexico,2,281,0.71%,11.08
United Arab Emirates,2,204,0.98%,10.96
Poland,2,176,1.14%,10.58
Morocco,2,162,1.23%,9.75
Russia,2,156,1.28%,17.69
Saudi Arabia,2,155,1.29%,15.54
Nigeria,2,136,1.47%,7.68
Portugal,2,109,1.83%,14.31
Nepal,2,108,1.85%,10.06
Sweden,2,96,2.08%,13.55
Oman,2,21,9.52%,6.29
Denmark,1,2980,0.03%,20.27
Netherlands,1,1553,0.06%,10.44
Vietnam,1,390,0.26%,14.84
South Korea,1,386,0.26%,9.12
Singapore,1,175,0.57%,9.58
New Zealand,1,175,0.57%,12.79
Thailand,1,139,0.72%,12
Hong Kong,1,97,1.03%,9.58
Malaysia,1,93,1.08%,12.03
Belgium,1,81,1.23%,10.96
South Africa,1,68,1.47%,12.07
Belarus,1,64,1.56%,13.98
Algeria,1,47,2.13%,9.81
Qatar,1,38,2.63%,7.63
Ghana,1,32,3.12%,6.94
Dominican Republic,1,32,3.12%,9.47
Albania,1,27,3.7%,8.93
Bolivia,1,26,3.85%,9.12
Uganda,1,25,4%,8.56
Bahrain,1,19,5.26%,9.84
Armenia,1,17,5.88%,9.12
Cambodia,1,12,8.33%,7.92
Angola,1,6,16.67%,22.17
Somalia,1,4,25%,8.25
Congo - Kinshasa,1,4,25%,14.75
Montenegro,1,3,33.33%,9
Spain,0,539,0%,13.29
Japan,0,452,0%,12.67
Argentina,0,186,0%,12.87
Ukraine,0,181,0%,19.62
China,0,137,0%,9.85
Romania,0,136,0%,14.97
Switzerland,0,133,0%,14.8
Norway,0,125,0%,7.08
Colombia,0,117,0%,10.33
Austria,0,109,0%,22.29
Ireland,0,98,0%,16.53
Israel,0,82,0%,11.68
Chile,0,82,0%,15.67
Peru,0,77,0%,8.52
Greece,0,73,0%,13.63
Sri Lanka,0,61,0%,9.62
Ecuador,0,61,0%,10.34
Myanmar (Burma),0,57,0%,8.6
Kuwait,0,52,0%,9.44
Iraq,0,52,0%,11.58
Finland,0,47,0%,17.13
Czechia,0,45,0%,13.16
Jordan,0,44,0%,8.91
Paraguay,0,40,0%,10.43
Kazakhstan,0,37,0%,7.7
Hungary,0,36,0%,10.64
Palestine,0,35,0%,8.6
Venezuela,0,34,0%,11.03
Bulgaria,0,34,0%,13.65
Uzbekistan,0,30,0%,8.77
Croatia,0,30,0%,9.23
Iran,0,30,0%,9.83
Slovenia,0,30,0%,21.43
Azerbaijan,0,27,0%,7.33
Lithuania,0,27,0%,9.11
Georgia,0,26,0%,9.08
Costa Rica,0,25,0%,9
Estonia,0,24,0%,6.62
Syria,0,22,0%,5.5
Jamaica,0,22,0%,8.05
Serbia,0,21,0%,7.48
Latvia,0,20,0%,11.7
Cyprus,0,19,0%,12.21
Kyrgyzstan,0,17,0%,7.41
Guatemala,0,17,0%,8.47
Slovakia,0,17,0%,12.94
Lebanon,0,16,0%,7.81
Rwanda,0,15,0%,7.4
Puerto Rico,0,14,0%,6.79
Honduras,0,13,0%,7.62
Moldova,0,13,0%,9.15
Panama,0,13,0%,13
El Salvador,0,12,0%,7.5
Tanzania,0,12,0%,9.5
Cameroon,0,11,0%,7.18
Trinidad & Tobago,0,11,0%,15.45
Kosovo,0,10,0%,5.8
Libya,0,9,0%,6.11
Bhutan,0,9,0%,7.33
Maldives,0,8,0%,9.5
Senegal,0,8,0%,10.38
Bosnia & Herzegovina,0,8,0%,12.62
Macedonia,0,7,0%,6.43
Mongolia,0,7,0%,9.57
Mozambique,0,7,0%,12.86
Mauritius,0,6,0%,6.17
Yemen,0,6,0%,6.67
Zimbabwe,0,6,0%,7
Uruguay,0,6,0%,7.17
Zambia,0,6,0%,7.17
Afghanistan,0,5,0%,6.8
Cuba,0,5,0%,7
Malawi,0,4,0%,5.5
Suriname,0,4,0%,6.75
Tajikistan,0,4,0%,7
Aruba,0,4,0%,7.5
British Virgin Islands,0,3,0%,4.33
Benin,0,3,0%,5.67
Iceland,0,3,0%,7
Luxembourg,0,3,0%,7
Mauritania,0,3,0%,9.33
Togo,0,3,0%,10
Brunei,0,2,0%,1.5
Barbados,0,2,0%,3
Botswana,0,2,0%,3
Gambia,0,2,0%,3
Haiti,0,2,0%,4.5
Laos,0,2,0%,6.5
Nicaragua,0,2,0%,6.5
St. Lucia,0,2,0%,7
Macau,0,2,0%,7
Côte d’Ivoire,0,2,0%,8
Guadeloupe,0,2,0%,8
Turks & Caicos Islands,0,2,0%,10.5
Fiji,0,2,0%,11
Bahamas,0,2,0%,13
Guyana,0,1,0%,1
Sierra Leone,0,1,0%,1
Liechtenstein,0,1,0%,2
Mali,0,1,0%,2
Grenada,0,1,0%,3
Belize,0,1,0%,4
Gabon,0,1,0%,5
Curaçao,0,1,0%,6
South Sudan,0,1,0%,6
Western Sahara,0,1,0%,7
Niger,0,1,0%,7
Gibraltar,0,1,0%,8
Sudan,0,1,0%,8
New Caledonia,0,1,0%,10
Sint Maarten,0,1,0%,10
St. Vincent & Grenadines,0,1,0%,10
Cape Verde,0,1,0%,11
Guernsey,0,1,0%,11
St. Kitts & Nevis,0,1,0%,11
Papua New Guinea,0,1,0%,11
Greenland,0,1,0%,15
Madagascar,0,1,0%,17
Turkmenistan,0,1,0%,17
Namibia,0,1,0%,27
Kiribati,0,1,0%,31
Monaco,0,1,0%,51