Top queries,Clicks,Impressions,CTR,Position
youtube autocomplete,13,439,2.96%,8.67
youtube rank checker,7,3030,0.23%,25.42
youtube channel ranking check,5,53,9.43%,8.92
free youtube transcript generator,4,166,2.41%,13.27
youtube channel audit,4,128,3.12%,39.03
youtube transcript no sign up,4,38,10.53%,7.42
youtube tag rank checker,3,417,0.72%,19.9
youtube tags rank checker,3,386,0.78%,18.22
tag ranking checker,3,115,2.61%,12.1
youtube transcript generator free,3,68,4.41%,19.16
tags rank checker,3,65,4.62%,13.02
tag rank checker,3,37,8.11%,13.43
youtube keyword ranking checker,2,1900,0.11%,29.81
youtube seo tool,2,50,4%,11.8
youtube competition checker,2,43,4.65%,10.33
free youtube transcript generator no sign up,2,38,5.26%,7.21
youtube transcript free no sign up,2,32,6.25%,8.09
youtube transcript generator ai,2,32,6.25%,13.94
youtube title ranking checker,2,12,16.67%,10
youtube rank tracker,1,3484,0.03%,36.67
youtube keyword rank checker,1,1454,0.07%,25.93
youtube channel seo checker,1,457,0.22%,24.74
youtube seo checker,1,455,0.22%,32.72
youtube ranker,1,438,0.23%,24.64
youtube ranking checker,1,427,0.23%,20.36
keyword intent io youtube free,1,381,0.26%,6.48
youtube search rank checker,1,299,0.33%,26.52
youtube channel ranking checker,1,253,0.4%,20.93
youtube business plan,1,130,0.77%,7.62
youtube competitor analysis,1,129,0.78%,47.28
video rank,1,107,0.93%,12.43
youtube search autocomplete,1,104,0.96%,9.61
youtube script generator,1,58,1.72%,30.29
youtube transcript generator free online no sign up,1,42,2.38%,7.88
youtube autosuggest,1,42,2.38%,20.4
youtube audit tool,1,42,2.38%,28.52
youtube rank,1,40,2.5%,8.4
channel audit,1,20,5%,23.9
youtube auto suggest,1,14,7.14%,11.86
free youtube transcript generator no signup,1,12,8.33%,8.92
youtube transcript generator free online no sign-up,1,10,10%,8.8
my youtube channel ranking,1,10,10%,11.3
youtube transcript com alternative,1,5,20%,6.6
free youtube channel audit,1,5,20%,31
youtube to transcript,1,5,20%,51.8
ranking video youtube,1,4,25%,6.5
youtube url to script,1,4,25%,13.5
free youtube channel audit & analyzer tool,1,3,33.33%,18
youtube transcript generator ai free no sign up,1,2,50%,6
youtube channel dead check,1,2,50%,7.5
youtube transcript free generator,1,2,50%,8
youtube transcript generator no captions,1,2,50%,10
youtube channel audit tools,1,2,50%,42
youtube keywords generator,1,1,100%,7
free youtube transcribe,1,1,100%,8
youtube title generator,1,1,100%,12
audit youtube channel,1,1,100%,22
youtube rank tracking,0,2318,0%,35.88
youtube video rank checker,0,1965,0%,29.6
youtube scriptwriting for b2b lead generation,0,1898,0%,8.24
video rank tracker,0,1745,0%,41.51
youtube video rank tracking,0,1331,0%,44.43
youtube rank checker online,0,1189,0%,27.79
rank tracker youtube,0,1163,0%,38.62
how to check youtube keyword ranking,0,1101,0%,35.02
video keyword rank tracking,0,1092,0%,38.65
video rank checker,0,1074,0%,32.97
youtube description generator,0,1004,0%,22.89
youtube video rank tracker,0,846,0%,38
perfect youtube script structure for business owners,0,811,0%,8.79
youtube seo services,0,734,0%,25.07
youtube keyword ranker,0,729,0%,33.44
youtube video keyword ranker,0,698,0%,28.08
keyword rank tracking video,0,693,0%,36.79
youtube ranking tool,0,644,0%,17.64
youtube keyword ranking,0,611,0%,30.82
youtube keyword rank tracking,0,610,0%,44.08
video seo keyword rank tracking,0,601,0%,35.36
youtube keyword rank tracker,0,589,0%,46.97
youtube ranking tracker,0,584,0%,36.31
youtube search ranking,0,564,0%,25.1
video rank tracking,0,561,0%,39.01
youtube channel rank checker,0,553,0%,20.25
keywordintent.io youtube,0,546,0%,7.08
youtube keyword ranking tool,0,521,0%,41.44
youtube rank checker online free,0,479,0%,18.59
keyword rank tracking videos,0,469,0%,30.03
keyword rank checker youtube,0,437,0%,26.77
youtube seo service,0,379,0%,24.92
keyword intent io youtube,0,360,0%,7.21
b2b video marketing,0,357,0%,47.5
youtube channel keyword rank tracking google,0,342,0%,30.02
youtube video ranking checker,0,340,0%,21.16
video seo keyword rank tracker,0,311,0%,40.02
youtube60100,0,294,0%,8.16
video seo rank tracking,0,287,0%,42.29
youtube video rank checker online,0,271,0%,20.97
check youtube ranking,0,266,0%,20.38
youtube seo rank checker,0,261,0%,22.86
yt rank checker,0,257,0%,25.78
youtube keyword rank checker free,0,257,0%,31.02
youtube video rank,0,255,0%,21.11
video keyword rank tracker,0,246,0%,29.69
track ranking of youtube videos,0,243,0%,38.12
rank checker youtube,0,236,0%,30.06
youtube ranking search tool,0,233,0%,21.45
youtube keyword rank tracking google,0,227,0%,45.6
track youtube rankings,0,213,0%,15.46
youtube video rankings,0,204,0%,22.87
youtube page rank checker,0,204,0%,28.64
check youtube rank,0,200,0%,18.61
youtube search ranker,0,198,0%,22.84
check youtube video ranking,0,192,0%,21.17
best tool for youtube seo,0,191,0%,41.86
youtube video tag rank checker,0,190,0%,21.45
youtube search rank,0,190,0%,29.07
youtube tag rank tracking tool,0,187,0%,24.17
check youtube video rank,0,186,0%,22.11
youtube video ranker,0,185,0%,21.77
track videos rank on youtube,0,184,0%,40.53
youtube rank checker net,0,183,0%,8.79
youtube ranking checker tool,0,180,0%,25.41
youtube idea generator,0,176,0%,24.17
free youtube keyword search tool,0,176,0%,65.53
youtube channel rank tracking tool,0,174,0%,26.76
youtube channel rank tracker tool,0,173,0%,27.94
check video rankings,0,170,0%,23.37
youtube rank tracker online,0,168,0%,28.12
where did i can see youtube competitor analysis,0,167,0%,25.35
youtube title rank tracker tool,0,165,0%,20.98
youtube competition analysis,0,162,0%,22.51
youtube serp checker,0,162,0%,36.64
youtube roi,0,161,0%,14.83
yt rank tracking tool,0,161,0%,27.9
youtube title rank tracking tool,0,160,0%,20.61
keywordtool.io/youtube,0,160,0%,22.01
youtube search rank checker tool,0,159,0%,26.48
youtube rank tracking online,0,159,0%,29.18
youtube keyword rank checker tool,0,158,0%,28.67
youtube tag rank tracking,0,157,0%,18.82
youtube title rank checker,0,157,0%,25.12
youtube search rank tracking,0,157,0%,31.25
check video ranking on youtube,0,156,0%,28.38
youtube video rank tracking tool,0,156,0%,34.8
youtube video tag rank tracking tool,0,155,0%,27.3
video carousel rank checker,0,154,0%,9.79
how do you analyze a youtube competitor,0,154,0%,26.51
keywords intent.io youtube,0,152,0%,7.36
keyword rank tracking youtube,0,152,0%,29.85
how to track keywords for youtube,0,151,0%,42.01
youtube search rank tracking tool,0,150,0%,29.77
youtube video ranking,0,149,0%,16.58
youtube video rank checker tool,0,149,0%,22.68
youtube tag rank tracker tool,0,148,0%,22.28
youtube rank checker tool,0,148,0%,25.28
youtube rank tracking tool,0,147,0%,33.33
youtube search rankings,0,146,0%,22.92
keyword ranking youtube,0,145,0%,23.81
how do you analyze a youtube competitor?,0,145,0%,26.72
b2b video content ideas,0,145,0%,59.61
search youtube channel competitor analysis,0,142,0%,26.65
youtube ranking check,0,141,0%,20.08
youtube title rank tracking,0,140,0%,23.34
yt rank tracker,0,136,0%,29.97
video marketing b2b,0,134,0%,38.63
youtube video tag rank tracker,0,133,0%,23.95
youtube search rank tracker tool,0,133,0%,31.88
youtube seo rank checker tool,0,132,0%,24.42
rank tracking youtube,0,132,0%,24.64
youtube video rank tracker tool,0,132,0%,32.62
video seo rank tracker,0,131,0%,21.83
youtube seo rank tracking tool,0,129,0%,29.94
youtube+rank+tracking,0,127,0%,34.39
youtube seo rank tracking,0,127,0%,35.3
youtube channel rank tracking,0,126,0%,29.55
youtube video seo checker,0,125,0%,23.8
youtube seo rank tracker,0,125,0%,29.06
youtube title rank tracker,0,124,0%,23.63
b2b video marketing strategy,0,123,0%,39.67
youtube search rank tracker,0,122,0%,30.87
youtube tag rank tracker,0,120,0%,20.64
youtube video settings checklist upload optimization,0,119,0%,11.06
ryrob youtube tag generator,0,118,0%,7.03
youtube keyword rank tracker tool,0,117,0%,30.51
keyword intent .io youtube,0,116,0%,7.49
youtube channel optimization checklist 2026,0,114,0%,5.34
clickbait title generator,0,114,0%,41.35
youtube rank tracker tool,0,113,0%,29.38
video seo ranking,0,112,0%,22.46
youtube video seo rank tracker,0,112,0%,36.04
youtube tag ranking checker,0,110,0%,18.68
youtube video rank tracker online,0,110,0%,32.42
youtube keyword rank,0,109,0%,31.91
keyword intend.io youtube,0,108,0%,6.13
youtube video description generator,0,108,0%,19.26
check competition,0,107,0%,23.11
keyword intent.io youtube,0,105,0%,7.28
youtube seo audit,0,105,0%,33.01
youtuber rank checker,0,101,0%,16.69
youtube seo rank tracker tool,0,99,0%,29.15
youtube video seo rank tracker tool,0,99,0%,29.2
keywords intent io youtube,0,97,0%,7.51
youtube keyword rank tracking tool,0,96,0%,28.34
youtube search ranking tool,0,94,0%,22.86
youtube intent io,0,90,0%,7.96
youtube+video+rank+tracking,0,90,0%,45.86
seo tube,0,88,0%,15.72
keyword rank tracker youtube,0,88,0%,39.11
yt rank,0,87,0%,14.6
youtube shorts for business,0,85,0%,23.67
youtube video ranking tool,0,84,0%,18.01
youtube video idea generator,0,83,0%,22.6
competitive analysis for youtube,0,80,0%,37.16
best seo tool for youtube,0,80,0%,43.48
keywordintent io youtube,0,78,0%,6.54
check seo youtube,0,77,0%,27.21
youtube channel business plan,0,75,0%,13.37
online youtube rank tracker,0,74,0%,17.72
how to find youtube keyword competition score and seo,0,74,0%,28.18
youtube video ideas generator,0,71,0%,21.18
youtube business plan template,0,68,0%,12.72
youtube clickbait title generator,0,67,0%,26.12
youtube channel rank tracker,0,66,0%,20.88
youtube marketing for small business,0,66,0%,23.33
youtube rank checker free,0,66,0%,32.2
b2b video content marketing,0,65,0%,38.71
b2b video strategy,0,65,0%,44.2
ai youtube description generator,0,65,0%,44.6
video ranking tool,0,64,0%,12.16
b2b video content,0,64,0%,38.53
rank my youtube channel,0,63,0%,20.1
youtube video seo services,0,60,0%,30.1
rank on youtube,0,59,0%,13.22
how well do i rank on youtube,0,58,0%,31.1
youtube rank tool,0,57,0%,12.49
youtube seo packages,0,57,0%,14.26
rank youtube video,0,57,0%,26.4
free youtube rank tracker,0,56,0%,29.43
seo services youtube,0,55,0%,15.93
youtube vs linkedin,0,54,0%,10.22
youtube search engine ranking,0,54,0%,22.39
free youtube rank checker,0,53,0%,17.28
search intent youtube,0,53,0%,24.51
where can you go to see which keywords viewers are using to find your video?,0,53,0%,30.57
video idea generator,0,53,0%,33.38
find great keywords using youtube autocomplete,0,52,0%,11.87
youtube video roi,0,52,0%,15.38
free youtube video rank checker,0,52,0%,18.71
youtube services for b2b,0,52,0%,30.44
youtube transcript generator,0,52,0%,48
how to check youtube video ranking,0,51,0%,24.39
youtube channel ranker,0,48,0%,17.92
free seo tool for youtube,0,48,0%,49.81
youtube seo checklist,0,48,0%,60.38
youtube competitive analysis,0,47,0%,21.62
check youtube seo,0,46,0%,23.09
youtube marketing strategy,0,46,0%,57.74
keyword tool youtube autocomplete official,0,45,0%,8.71
how to check my youtube channel ranking,0,45,0%,17.18
youtube keyword ranking tool free,0,45,0%,33.98
clickbait titles generator,0,44,0%,35.95
ryrob youtube keyword tool,0,43,0%,7.98
youtube+rank+tracker,0,43,0%,17.98
youtube video seo tracking tool,0,43,0%,40.19
linkedin vs youtube tv,0,42,0%,10.48
yt rank analyzer,0,42,0%,17
youtube marketing roi,0,41,0%,15.85
youtube video script generator,0,41,0%,44.59
keyword dintent.io youtube,0,40,0%,6.33
youtube ranking tools,0,40,0%,32.67
youtube transcript free,0,40,0%,38.23
youtube video rank checker free,0,40,0%,40.17
best youtube seo tools free,0,39,0%,29.97
description generator for youtube,0,39,0%,37.87
free youtube transcript,0,39,0%,40.62
ai description generator for youtube,0,38,0%,56.21
video ideas generator,0,37,0%,28.08
youtube transcription free,0,37,0%,53.54
ryrob youtube keyword tool review,0,36,0%,11.39
youtube ranking software,0,36,0%,46.78
ai tag youtube,0,36,0%,48.78
cek seo youtube,0,35,0%,23.23
youtube competitor analysis tool,0,35,0%,37.89
rank youtube videos,0,34,0%,30.26
rank pro checker youtube videos,0,34,0%,32.53
rank checker pro youtube review,0,34,0%,36.12
free youtube transcription,0,34,0%,48.68
youtube video ranks,0,32,0%,17.81
best youtube transcript generator,0,32,0%,27.69
"""youtube optimisation checklist"" ""simply business""",0,31,0%,9.9
how to track keywords for youtube channel,0,31,0%,28.58
track video rankings on youtube,0,30,0%,15.37
check position keyword youtube,0,30,0%,39.13
channel audit definition,0,30,0%,43.5
check keyword position youtube,0,30,0%,44.57
youtube channel description generator,0,30,0%,47.37
search ranking checker youtube,0,30,0%,48.83
youtube auto complete,0,29,0%,10.24
youtube video keyword checker,0,29,0%,15.21
youtube optimization checklist,0,29,0%,18.07
competitor analysis youtube,0,29,0%,24.62
youtube rank checker online india,0,29,0%,32.14
competition check,0,29,0%,34.07
seo keyword rank checker youtube,0,29,0%,34.17
position checker youtube,0,29,0%,40.62
search rank checker youtube,0,29,0%,47.72
keyword intent to youtube,0,28,0%,7.96
how 2 rank on youtube,0,28,0%,21.68
rank tracker video,0,28,0%,34.36
ai youtube tags,0,28,0%,34.43
best youtube tag ranking checker,0,28,0%,41.21
keyword position checking youtube,0,28,0%,44.25
ranking check keyword youtube,0,28,0%,47.46
rank checker tool youtube,0,28,0%,47.71
check keyword ranking for my site youtube,0,28,0%,49.46
b2b video ideas,0,27,0%,38
google keyword ranking search youtube,0,27,0%,42
check keyword ranking online youtube,0,27,0%,42.48
youtube search engine rank checker tool,0,27,0%,46.59
check site ranking by keyword youtube,0,27,0%,54.63
youtube creator tools roi analysis,0,26,0%,6.62
youtube seo price,0,26,0%,8.04
watch let's build a predictable selling system,0,26,0%,20.92
youtube seo ranking,0,26,0%,24.42
youtube video ranker free,0,26,0%,27.96
best rank checker pro youtube,0,26,0%,29.27
search position checker youtube,0,26,0%,37.27
youtube keyword ranking checker free,0,26,0%,44.04
youtube video keyword rank checker,0,26,0%,44.65
keyword position checker youtube,0,26,0%,48.35
keywords position checker youtube,0,26,0%,49.69
check keyword position free youtube,0,26,0%,50.58
check ranking for keyword youtube,0,26,0%,53.92
youtube autocomplete free,0,25,0%,6.2
youtube channel competitor analysis,0,25,0%,32.08
title ranking checker for youtube,0,25,0%,33.96
rank checker pro youtube,0,25,0%,34.72
best rank checker free youtube,0,25,0%,36.6
check site keyword position youtube,0,25,0%,39.32
keyword search position checker youtube,0,25,0%,40.8
description generator youtube,0,25,0%,44.24
youtube channel audit tool,0,25,0%,45.2
keyword ranking in youtube,0,25,0%,45.28
check rank keyword google youtube,0,25,0%,46.72
youtube channel ranking checker free,0,25,0%,47.2
youtube serp tracker tool,0,25,0%,47.24
rank checker top 1000,0,25,0%,49.92
youtube site keyword ranking checker,0,25,0%,50.04
check my keyword rank youtube,0,25,0%,51.92
"""sparktoro""",0,25,0%,77.6
rank checker top 1000 youtube,0,24,0%,15.67
youtube video ranking check,0,24,0%,23.33
find keyword position youtube,0,24,0%,29.62
best position checker youtube,0,24,0%,38.58
online rank checker uk youtube,0,24,0%,39.71
seo keyword rank checker tool youtube,0,24,0%,42.38
rank checker uk youtube,0,24,0%,42.42
check site ranking for keyword youtube,0,24,0%,44.29
ai youtube tag generator,0,24,0%,50.62
check keyword rank youtube,0,24,0%,52.04
youtube transcript,0,24,0%,52.54
youtube video transcript generator,0,24,0%,52.92
check keywords rank youtube,0,24,0%,53
rank keyword checker youtube,0,24,0%,54.38
best free keyword tool for youtube,0,24,0%,87.54
how much is it to get a company to seo my youtube,0,23,0%,6.57
linkedin vs youtube,0,23,0%,10.57
keyword position finder youtube,0,23,0%,23.91
rank checker pro free youtube,0,23,0%,26.48
check site position youtube,0,23,0%,27.52
seo checker youtube,0,23,0%,28.61
rank checker pro youtube free,0,23,0%,37.48
seo rank finder youtube,0,23,0%,40.78
best youtube rank checker online free,0,23,0%,41.43
youtube keyword ranking checker tool free,0,23,0%,44.74
youtube keyword ranking position checker,0,23,0%,45.22
ask rank tracker youtube,0,23,0%,45.43
youtube keyword position checker tool,0,23,0%,45.48
youtube serp tracking tool,0,23,0%,45.74
site position checker youtube,0,23,0%,46.17
multiple keyword position checker youtube,0,23,0%,46.3
position rank tracker youtube,0,23,0%,47.26
video b2b marketing,0,23,0%,47.26
search rank tracker youtube,0,23,0%,49.83
site rank check keyword youtube,0,23,0%,50.83
check keyword ranking free youtube,0,23,0%,51.26
ranked tags,0,22,0%,21.5
multiple rank checker youtube,0,22,0%,28.95
youtube audit tools,0,22,0%,37.5
video marketing for b2b,0,22,0%,41.18
youtube site keyword rank checker,0,22,0%,41.95
rank finder youtube,0,22,0%,43.23
youtube ranking tool online free,0,22,0%,44.18
ranking checker keyword youtube,0,22,0%,45
keyword rank on youtube,0,22,0%,46.18
youtube keyword ranking scan,0,22,0%,48.73
youtube keyword position reporting tool,0,22,0%,50.68
channel checker,0,22,0%,51.27
keyword tool for youtube free,0,22,0%,92.18
"""youtube titles"" -site:reddit.com -site:twitter.com -site:x.com 
-site:wykop.pl -site:tripadvisor.com -site:youtube.com -site:yelp.com 
-site:booking.com -site:facebook.com -site:instagram.com -site:tiktok.com",0,21,0%,3.52
youtube channel rank checker online free,0,21,0%,14.71
youtube video ranker software,0,21,0%,25.57
youtube video ideas for business,0,21,0%,25.71
check my keyword position google youtube,0,21,0%,27.86
engine keyword ranking search youtube,0,21,0%,34.24
best video rank checker,0,21,0%,35.29
best video rank checker for youtube,0,21,0%,38
youtube seo keyword rank checker tool,0,21,0%,40.38
video rank checker free,0,21,0%,41.9
best keyword position checker youtube,0,21,0%,42.1
keyword position tracker youtube,0,21,0%,42.67
keyword rankings in youtube,0,21,0%,42.67
youtube keyword position checker free,0,21,0%,43.38
youtube keywords ranking checker tool,0,21,0%,43.57
online keyword position checker youtube,0,21,0%,44.71
youtube website keywords ranking checker,0,21,0%,46.62
youtube keyword rank checker tools,0,21,0%,48.33
search ranking checker free youtube,0,21,0%,49.38
keyword rank search youtube,0,21,0%,54.95
ai tag generator for youtube,0,21,0%,59.29
youtube keyword intent io,0,20,0%,7.25
youtube transcript generator no sign up,0,20,0%,7.45
keyword intent youtube,0,20,0%,15.05
youtube search word ranking,0,20,0%,20.55
youtube rank checker online india app,0,20,0%,24.8
check website keyword position youtube,0,20,0%,25.95
best youtube rank checker online,0,20,0%,36.3
rank pro checker youtube videos online,0,20,0%,37.35
keyword position youtube,0,20,0%,37.6
yahoo rank checker youtube,0,20,0%,38.25
youtube ranking tool free,0,20,0%,38.3
my keyword ranking youtube,0,20,0%,38.85
best youtube ranking tool,0,20,0%,40.8
best keyword position checker free youtube,0,20,0%,40.95
free rank checker youtube,0,20,0%,41.45
rank tracker free youtube,0,20,0%,42.9
youtube competitor analysis free,0,20,0%,43.45
youtube video rank tracking free,0,20,0%,46.15
web position checker youtube,0,20,0%,46.3
youtube keyword checker rank,0,20,0%,46.85
youtube website keyword ranking checker,0,20,0%,47.3
keyword position tracking youtube,0,20,0%,49.7
"youtube transcript generator - free online, no sign-up",0,19,0%,6.79
video keyword checker,0,19,0%,15.47
search engine position checker tool youtube,0,19,0%,24.68
video rank checker online,0,19,0%,25.21
best youtube rank checker online india,0,19,0%,27.68
best youtube video rank checker online,0,19,0%,30.95
rank checker pro youtube app,0,19,0%,31.63
tag rank checker youtube,0,19,0%,31.68
check rank youtube,0,19,0%,33.74
check keyword position google youtube,0,19,0%,35.74
keywords i rank for youtube,0,19,0%,35.79
page position checker youtube,0,19,0%,36.21
youtube website rank checker,0,19,0%,39.84
keyword page rank checker youtube,0,19,0%,40.47
youtube website position checker,0,19,0%,43.26
rank tracker online youtube,0,19,0%,43.89
youtube description maker,0,19,0%,46.16
youtube transcription services,0,19,0%,46.58
youtube keyword rank tool,0,19,0%,47.05
youtube website keyword rank checker,0,19,0%,47.11
youtube description generator ai,0,19,0%,47.37
best youtube rank tracker online,0,19,0%,47.63
check page rank for keyword youtube,0,19,0%,49
track keyword position youtube,0,19,0%,50.79
best free youtube keyword tool,0,19,0%,91.32
rank pro checker youtube videos free,0,18,0%,26.28
youtube video seo service,0,18,0%,26.61
how to rank in youtube,0,18,0%,28.94
rank tracker for youtube,0,18,0%,29.94
youtube rank checker online free app,0,18,0%,32.17
check google position keyword youtube,0,18,0%,33.94
seo keyword position checker youtube,0,18,0%,34.17
ai youtube script generator,0,18,0%,35.89
yandex rank tracker free youtube,0,18,0%,36.83
online rank checker youtube,0,18,0%,39.28
how to check youtube channel ranking,0,18,0%,40
website position checker youtube,0,18,0%,41.17
keyword position monitor youtube,0,18,0%,42.61
free rank checker online youtube,0,18,0%,42.89
best search position checker youtube,0,18,0%,43.89
checklist seo youtube,0,18,0%,47.39
free keyword position checker youtube,0,18,0%,51.22
best free rank checker youtube,0,18,0%,52.06
best free rank checker online youtube,0,18,0%,55.5
track keyword rank youtube,0,18,0%,55.61
youtube transcript generator free no sign up,0,17,0%,8.12
search position tool youtube,0,17,0%,11.65
rank checker top 1000 free youtube,0,17,0%,13.41
best keyword ranking checker tool free youtube,0,17,0%,18
online youtube rank checker,0,17,0%,22.65
video content strategy b2b,0,17,0%,23.24
mobile rank checker free youtube,0,17,0%,24.47
find your google ranking free youtube,0,17,0%,24.59
youtube clickbait generator,0,17,0%,24.88
youtube tag ranking checker free,0,17,0%,28
best site position checker youtube,0,17,0%,34.24
youtube channel ranking checker online,0,17,0%,35.59
rank tracker free online youtube,0,17,0%,35.65
youtube rank tracker free,0,17,0%,36.41
google ranking search youtube,0,17,0%,38.76
ranking tracker free youtube,0,17,0%,39
best keyword rank checker tool free youtube,0,17,0%,40.06
online keyword rank checker youtube,0,17,0%,44.35
youtube website search ranking checker,0,17,0%,45
keyword6079,0,17,0%,46.71
multiple keyword rank checker youtube,0,17,0%,47
youtube keyword rank checker tool free,0,17,0%,47.88
free youtube transcripts,0,17,0%,49.59
search rank checker free youtube,0,17,0%,53.12
аудит канала youtube,0,17,0%,60.59
аудит канала ютуб,0,17,0%,61.06
keyword intent. io youtube,0,16,0%,7.19
youtube transcript finder,0,16,0%,16.94
rank checker top 1000 youtube free,0,16,0%,19.12
youtube search engine rank,0,16,0%,20.44
check google position search youtube,0,16,0%,20.5
youtube channel ranking checker app,0,16,0%,21.31
youtube seo online,0,16,0%,25.69
youtube keyword tool not working,0,16,0%,25.75
accurate rank tracker free youtube,0,16,0%,28.12
youtube rank checker app,0,16,0%,28.94
check keyword ranking for my site free youtube,0,16,0%,29.38
seo rank checker youtube,0,16,0%,29.38
seo position checker youtube,0,16,0%,29.56
rank keyword checker free youtube,0,16,0%,33.88
youtube keyword rank checker online,0,16,0%,34.94
keyword position tracking tool youtube,0,16,0%,35.56
monitor keyword position youtube,0,16,0%,36.88
check my keyword rank google youtube,0,16,0%,37.56
how to check youtube seo ranking,0,16,0%,38.06
youtube ranking tool online,0,16,0%,38.5
ask rank tracker youtube app,0,16,0%,38.62
youtube rank tracker online free,0,16,0%,39.75
youtube keywords ranking checker online,0,16,0%,40.38
youtube keyword rank checker uk,0,16,0%,40.62
organic keyword rank checker youtube,0,16,0%,40.69
test keyword ranking free youtube,0,16,0%,43.5
best search ranking checker youtube,0,16,0%,44.19
rank tracker online free youtube,0,16,0%,44.62
rank checker free youtube,0,16,0%,48.69
youtube video rank tracking online,0,16,0%,49.31
position checker youtube free,0,16,0%,52
position checker free youtube,0,16,0%,58.12
youtube seo cost,0,15,0%,6.8
best multiple rank checker youtube,0,15,0%,17.53
youtube marketing for agencies,0,15,0%,20.13
transcript youtube generator,0,15,0%,22
rank my youtube video,0,15,0%,26.27
best video rank checker online,0,15,0%,26.47
ask rank tracker free youtube,0,15,0%,31.47
youtube seo rank checker online,0,15,0%,32.07
youtube channel ranking checker online free,0,15,0%,33.6
youtube site keyword ranking free,0,15,0%,33.6
best ranking tracker free youtube,0,15,0%,33.87
yt rank checker free,0,15,0%,36
check rank free youtube,0,15,0%,36.67
multiple rank checker free youtube,0,15,0%,36.8
"""rand fishkin""",0,15,0%,37.13
youtube ranker online free,0,15,0%,38.2
competition rank tracker online youtube,0,15,0%,39.8
check youtube video ranking online,0,15,0%,42.13
youtube keyword rank checker website,0,15,0%,42.13
video rank tracking free,0,15,0%,45
free website keyword rank checker youtube,0,15,0%,45.33
top youtube rank tracker tool,0,15,0%,45.33
domain keyword rank checker youtube,0,15,0%,45.67
youtube keyword rank checker tool online,0,15,0%,46.8
youtube video ranking software,0,15,0%,48.67
youtube video rank checker free online,0,15,0%,49.53
youtube keyword rank tool google,0,15,0%,50.93
youtube keyword position tracking tool,0,15,0%,53.53
free position checker youtube,0,15,0%,57
best keyword rank checker youtube,0,15,0%,61.13
search position checker youtube free,0,15,0%,62.27
tactiq youtube transcript generator url parameter,0,14,0%,9.64
video commerce roi calculator,0,14,0%,15.07
see what keywords a website ranks for free youtube,0,14,0%,16.57
youtube video tag rank checker online free,0,14,0%,17.21
youtube tag ranking checker app,0,14,0%,22.21
yt rank checker app,0,14,0%,26.36
video rank checker online free,0,14,0%,28.64
youtube seo ranking checker,0,14,0%,31.86
best video rank checker free,0,14,0%,33.5
keyword6064,0,14,0%,34.86
youtube keyword rank checker online free,0,14,0%,35.43
multiple rank checker online youtube,0,14,0%,35.64
google search term ranking tool for youtube,0,14,0%,37.07
youtube keyword ranking checker online,0,14,0%,37.71
bulk keyword rank checker tool youtube,0,14,0%,38
best youtube ranking software,0,14,0%,38.5
keyword search position checker free youtube,0,14,0%,39.93
youtube ranker online,0,14,0%,40.71
youtube video rank tracking online free,0,14,0%,44.14
checking keyword ranking free youtube,0,14,0%,44.79
youtube keyword position tracking tool for youtube,0,14,0%,46.21
ranking checker keyword free youtube,0,14,0%,46.36
youtube keyword rank tracker free,0,14,0%,46.5
google keyword ranking tool for youtube,0,14,0%,47.43
youtube competitor analysis tool online,0,14,0%,48.36
ask rank tracker online youtube,0,14,0%,49.57
best youtube search engine rank checker tool,0,14,0%,51.07
youtube keyword search rank,0,14,0%,51.86
description generator,0,14,0%,52.36
rank checker tool youtube free,0,14,0%,52.5
best youtube site keyword ranking checker,0,14,0%,57.79
best youtube keyword ranking checker tool free,0,14,0%,64.29
youtube tags generator,0,13,0%,8.31
search engine keyword position free youtube,0,13,0%,19.69
rank my video,0,13,0%,20.23
youtube seo check,0,13,0%,20.77
youtube description ai,0,13,0%,21.46
how to check website ranking for free youtube,0,13,0%,23.54
multiple rank checker youtube free,0,13,0%,26.15
check keyword ranking tool free youtube,0,13,0%,26.92
youtube video rank checker online apk,0,13,0%,27.31
multiple rank checker youtube app,0,13,0%,27.62
daily ranking checker youtube,0,13,0%,30.92
keyword position tool youtube,0,13,0%,31.08
how does youtube rank search results,0,13,0%,33.08
check my keyword rank free youtube,0,13,0%,34.77
rank checker uk youtube app,0,13,0%,34.77
seo rank tracker free youtube,0,13,0%,35.38
youtube for b2b,0,13,0%,36.15
youtube competitor analysis tool free,0,13,0%,40.54
check site keyword position online youtube,0,13,0%,41.54
best seo keyword rank checker youtube,0,13,0%,43.15
best youtube rank tracker,0,13,0%,43.23
what is rank tracker for youtube,0,13,0%,46
youtube site keyword ranking checker free,0,13,0%,46.23
best search engine position checker tool youtube,0,13,0%,46.62
youtube keyword ranking report free,0,13,0%,49.77
best site rank check keyword youtube,0,13,0%,50.23
multiple keyword position checker free youtube,0,13,0%,52.15
transcript youtube,0,13,0%,52.62
best youtube keywords ranking checker tool,0,13,0%,53.08
best keyword search position checker youtube,0,13,0%,53.77
how to check competitors keywords free on youtube,0,13,0%,59.54
youtube video transcript generator free,0,13,0%,61.92
position checker online youtube,0,13,0%,63.15
youtube keyword position monitor online,0,13,0%,63.31
keyword position checker youtube free,0,13,0%,65.77
youtube autocomplete for keyword research,0,12,0%,6.08
youtube autocomplete keyword research,0,12,0%,7.25
seo ranking checker youtube,0,12,0%,9.83
title rank checker,0,12,0%,15.33
youtube video tag rank checker online,0,12,0%,16.92
best check site position youtube,0,12,0%,19.5
free ai youtube transcript generator,0,12,0%,19.67
where this video ranks in youtube search results,0,12,0%,20.25
title ranking checker,0,12,0%,23.83
youtube video rank checker apk,0,12,0%,24.58
youtube ranker free,0,12,0%,28.58
youtube video tag rank checker free,0,12,0%,28.58
best seo tools for youtube,0,12,0%,28.83
youtube seo score checker,0,12,0%,28.83
youtube rank tracker app free,0,12,0%,29.17
yt rank checker online,0,12,0%,29.25
keyword rank on meaning youtube,0,12,0%,29.5
best video rank checker online free,0,12,0%,32.08
how to check youtube channel ranking online,0,12,0%,36.5
youtube seo keyword ranker,0,12,0%,37.17
best web position checker youtube,0,12,0%,37.5
sale tube,0,12,0%,37.58
youtube seo keyword rank checker tool free,0,12,0%,38.17
best page position checker youtube,0,12,0%,38.42
best youtube keyword ranking position checker,0,12,0%,38.75
youtube yt rank checker free,0,12,0%,39
best website position checker youtube,0,12,0%,39.33
youtube keyword ranking position free,0,12,0%,40.83
yt description generator,0,12,0%,44.08
keyword position monitor youtube free,0,12,0%,44.92
video rank tracking online free,0,12,0%,45.25
competition rank tracker free youtube,0,12,0%,45.5
youtube keyword ranking free,0,12,0%,46.42
best youtube keyword position checker tool,0,12,0%,46.92
best rank keyword checker youtube,0,12,0%,49.5
best rank checker tool youtube,0,12,0%,49.58
best seo rank checker youtube,0,12,0%,50.08
keyword rank on free youtube,0,12,0%,51.33
free youtube channel description generator,0,12,0%,58.5
check keywords ranking free youtube,0,12,0%,59
youtube keyword position tracking tool online,0,12,0%,59.17
best organic keyword rank checker youtube,0,12,0%,63.67
search ranking checker youtube free,0,12,0%,65.33
keyword position checking youtube free,0,12,0%,71.42
youtube ranking system free,0,11,0%,6.18
transcript 24 youtube,0,11,0%,7.45
check google position search youtube free,0,11,0%,12.91
rank video youtube,0,11,0%,13.36
youtube tag ranker,0,11,0%,15.18
keyword io youtube,0,11,0%,16.64
channel business plan,0,11,0%,17.18
youtube tag ranking checker online,0,11,0%,17.64
youtube video rank checker online free,0,11,0%,19.09
youtube video rank generator,0,11,0%,21.45
youtube video rank checker app,0,11,0%,23.64
youtube website rank tracker free,0,11,0%,24.27
"""zero click marketing""",0,11,0%,24.45
youtube rank checker app free,0,11,0%,28
best multiple keyword position checker youtube,0,11,0%,28.73
youtube rank tracker free app,0,11,0%,28.82
youtube competitors analysis,0,11,0%,28.91
youtube b2b marketing best practices,0,11,0%,30
how to check website keyword ranking free youtube,0,11,0%,34.45
how to check youtube channel ranking for free,0,11,0%,34.55
youtube keyword rank checker app,0,11,0%,34.64
best rank finder youtube,0,11,0%,35.09
search engine keyword rank checker online youtube,0,11,0%,37.82
free rank checker youtube app,0,11,0%,38.55
free rank tracker app for youtube,0,11,0%,43.55
multiple keyword rank checker google youtube,0,11,0%,44.91
video b2b,0,11,0%,44.91
free seo rank tracker youtube,0,11,0%,46.27
ranking check keyword youtube free,0,11,0%,47.64
best keyword position checking youtube,0,11,0%,47.82
what is rank checker free youtube,0,11,0%,48.91
search rank tracker youtube app,0,11,0%,50.27
check site keyword position youtube free,0,11,0%,51.64
youtube checklist,0,11,0%,51.73
best youtube seo keyword rank checker tool,0,11,0%,54.27
best seo keyword rank checker tool youtube,0,11,0%,54.55
freetoolcalculator.com,0,11,0%,56.64
best ranking checker keyword youtube,0,11,0%,59.36
best youtube keyword rank checker tool,0,11,0%,63.82
youtube channel optimization checklist,0,10,0%,6.1
business plan for youtube channel,0,10,0%,7.5
youtube to transcript free no sign up,0,10,0%,7.5
youtube transcript generator url parameter video id no login,0,10,0%,7.6
enterprise rank tracking free youtube,0,10,0%,8.5
youtube search position tool free,0,10,0%,15.7
find keyword position free youtube,0,10,0%,21
youtube seo rank checker online free,0,10,0%,21.4
position rank tracker online youtube,0,10,0%,21.5
rank tracker keyword free youtube,0,10,0%,23.2
youtube video tag rank checker app,0,10,0%,24.5
best youtube rank tracker app,0,10,0%,27.7
youtube transcription tool,0,10,0%,27.9
ranking tracker free youtube app,0,10,0%,29.8
google search term ranking for youtube,0,10,0%,30
youtube rank tracker app for pc,0,10,0%,30.5
search ranking checker youtube app,0,10,0%,30.8
google rank tracker app for youtube,0,10,0%,31.8
youtube search term ranking,0,10,0%,32.2
best rank tracker free online youtube,0,10,0%,32.3
check position keyword youtube free,0,10,0%,32.7
search rank checker youtube app,0,10,0%,34.9
search rank tracker free youtube,0,10,0%,35
check website keyword ranking free youtube,0,10,0%,36.8
how to check my website keyword ranking free youtube,0,10,0%,37.3
multiple keyword rank checker free youtube,0,10,0%,37.3
youtube keyword page checker,0,10,0%,37.5
organic keyword rank checker free youtube,0,10,0%,37.9
rank pro checker youtube videos download,0,10,0%,38
free rank checker online youtube app,0,10,0%,38.7
search rank tracker youtube free,0,10,0%,40.2
engine keyword rank checker free youtube,0,10,0%,41.9
unlimited keyword rank tracking free youtube,0,10,0%,42.1
check keyword rank free youtube,0,10,0%,42.6
how to check competitors keywords free youtube,0,10,0%,43.9
rank tracker free online youtube app,0,10,0%,45
youtube website keyword ranking checker free,0,10,0%,45.2
pro rank tracker free youtube,0,10,0%,46.5
youtube website keywords ranking checker free,0,10,0%,47.4
youtube keyword rank tracker tool free,0,10,0%,48.3
keyword position monitor youtube app,0,10,0%,48.5
youtube keyword rank tracker tool online free,0,10,0%,49
youtube video seo keyword rank tracker,0,10,0%,49
online rank tracker free youtube,0,10,0%,49.7
best youtube website position checker,0,10,0%,50.1
video rank tracking online,0,10,0%,51.5
youtube keyword position monitor free,0,10,0%,52.1
monitor keyword position free youtube,0,10,0%,52.4
rank position tracker online free youtube,0,10,0%,56
youtube keyword position tracking tool free,0,10,0%,56.8
youtube title and description generator,0,10,0%,56.8
youtube keyword ranking position checker online free,0,10,0%,58.9
keyword rank checker youtube free,0,10,0%,59.2
keyword rank monitoring app for youtube,0,10,0%,60.2
keyword rank tracker serp checker youtube,0,10,0%,60.7
best rank tracker online free youtube,0,10,0%,61.1
seo keyword rank checker youtube free,0,10,0%,61.4
youtube keyword position checker tool for youtube,0,10,0%,63.7
free keyword finder for youtube,0,10,0%,64.3
youtube keyword position checker websites free,0,10,0%,65.4
tube-transcript.com,0,10,0%,65.7
check keywords ranking online free youtube,0,10,0%,65.8
best youtube keyword rank checker tools,0,10,0%,69.3
keyword search position checker youtube free,0,10,0%,70.3
free keyword tool for youtube,0,10,0%,87.4
"""how to build a landing page"" -site:reddit.com -site:twitter.com 
-site:x.com -site:wykop.pl -site:tripadvisor.com -site:youtube.com 
-site:yelp.com -site:booking.com -site:facebook.com -site:instagram.com 
-site:tiktok.com",0,9,0%,2.44
keyboard intent youtube,0,9,0%,6.78
no keywords in the first 200 characters of your description,0,9,0%,7.78
vergleich mal anbieter für youtube‑seo‑audits.,0,9,0%,8.89
notegpt youtube transcript generator url parameter,0,9,0%,9.33
youtube seo services near me,0,9,0%,10.33
youtube rank video,0,9,0%,14.67
youtube rank tracker app,0,9,0%,17.89
check site keyword position youtube app,0,9,0%,19.11
see what keywords a site ranks for free youtube,0,9,0%,19.78
google search checker free youtube,0,9,0%,20.89
ranking any keywords on youtube with live proof,0,9,0%,21.56
youtube ranker software,0,9,0%,23.89
check keyword rankings free youtube,0,9,0%,24.22
watch full let's build a predictable selling system,0,9,0%,25.67
youtube rank checker app for pc,0,9,0%,26.22
rank position tracker free youtube,0,9,0%,26.33
youtube rank checker app apk,0,9,0%,28.89
video rank checker app free download,0,9,0%,29.22
rank checker uk youtube free,0,9,0%,30.22
yt ranker,0,9,0%,30.22
check position keyword free youtube,0,9,0%,31.11
google keyword position tool youtube,0,9,0%,31.22
youtube rank software,0,9,0%,34.67
youtube search engine rank checker tool download,0,9,0%,36.89
youtube channel quality checker,0,9,0%,37.67
best seo position checker youtube,0,9,0%,38.78
video rank checker free online,0,9,0%,41.33
ranking check keyword free youtube,0,9,0%,42.11
keyword position free youtube,0,9,0%,44.22
seo position tracker youtube app,0,9,0%,44.44
rank tracker online free youtube app,0,9,0%,46.11
youtube seo position tracker online,0,9,0%,46.33
check keyword ranking for my site youtube app,0,9,0%,47.11
best youtube website rank checker,0,9,0%,49.78
youtube search engine rank checker tool online,0,9,0%,51
best youtube seo rank checker online,0,9,0%,51.56
ask rank tracker youtube online,0,9,0%,51.89
best online keyword rank checker youtube,0,9,0%,52.78
search engine keyword rank checker free youtube,0,9,0%,52.78
competitor analysis of youtube,0,9,0%,52.89
youtube competitor analysis free online,0,9,0%,52.89
keyword search engine for youtube,0,9,0%,53.33
find keyword rank free youtube,0,9,0%,54.78
youtube keyword rank tracker tool online,0,9,0%,56
google keyword checker tool for youtube,0,9,0%,58.89
youtube keywords ranking checker tool free,0,9,0%,59.89
check keyword rank online youtube,0,9,0%,61.33
youtube keyword rank tracker serp checker,0,9,0%,61.44
youtube keyword ranking position checker free,0,9,0%,62.33
google keyword finder for youtube,0,9,0%,63.11
google keyword search tool for youtube,0,9,0%,65.22
website keyword finder for youtube,0,9,0%,65.22
google keyword tracker for youtube,0,9,0%,66
best youtube competitor analysis tool,0,9,0%,66.22
search rank checker youtube free,0,9,0%,66.22
best keyword finder for youtube,0,9,0%,66.44
check keyword rank youtube free,0,9,0%,68.11
google keyword tool free search youtube,0,9,0%,68.11
free youtube video description generator,0,9,0%,69.78
youtube sales attribution for brands,0,8,0%,3.75
online business coach youtuber 50k subscribers long videos weak shorts,0,8,0%,6.62
youtube video transcript generator free no sign up,0,8,0%,9.12
youtube shorts selling,0,8,0%,15.12
tag rank,0,8,0%,16.62
youtube keyword finder from url,0,8,0%,16.75
search engine keyword position tool youtube,0,8,0%,17.38
check rank site free youtube,0,8,0%,18.12
how to check my youtube video ranking,0,8,0%,18.62
search position tool youtube free,0,8,0%,20.75
keyword-bxifdeuv,0,8,0%,21.12
rank tag,0,8,0%,21.12
ranking report youtube free,0,8,0%,21.38
seo position tracker youtube,0,8,0%,21.5
best youtube rank checker app,0,8,0%,21.75
youtube video rank checker free apk,0,8,0%,21.88
youtube rank checker free app,0,8,0%,23.75
check website for keyword rankings free youtube,0,8,0%,24
youtube transcript generator tool,0,8,0%,25.88
youtube website rank checker online,0,8,0%,26.88
youtube keyword position ranking report top free,0,8,0%,27.38
site position checker youtube app,0,8,0%,27.5
youtube search engine rank checker tool free,0,8,0%,28.5
rank in youtube,0,8,0%,29.25
best daily ranking checker youtube,0,8,0%,30.12
advanced rank tracker free youtube,0,8,0%,30.62
youtube script generator free,0,8,0%,31.5
youtube seo keyword ranking tool free,0,8,0%,31.5
keyword position checking free youtube,0,8,0%,32.62
check keyword position online youtube,0,8,0%,36.38
rank keyword checker youtube free,0,8,0%,36.38
youtube rank checker free trial,0,8,0%,36.62
best ranking check keyword youtube,0,8,0%,37.75
check site position youtube app,0,8,0%,38.12
how to find keyword rank on youtube,0,8,0%,38.12
check keyword position youtube app,0,8,0%,40
google rank keyword tool for youtube,0,8,0%,44
keywords position checker free youtube,0,8,0%,44.75
best seo rank finder youtube,0,8,0%,46.62
best keyword rank checking tool free youtube,0,8,0%,47.12
check site ranking by keyword free youtube,0,8,0%,48.62
youtube to transcript free,0,8,0%,49.88
online rank checker uk youtube free,0,8,0%,50.5
rank keyword checker online youtube,0,8,0%,51.5
gratis rank tracker online youtube,0,8,0%,52.25
competitor keyword rank free youtube,0,8,0%,52.62
youtube search engine optimization tools,0,8,0%,52.62
best domain keyword rank checker youtube,0,8,0%,53
see google ranking free youtube,0,8,0%,53.88
youtube keywords ranking checker online free,0,8,0%,54.5
site position checker free youtube,0,8,0%,57.88
youtube keyword checker for youtube,0,8,0%,59
youtube channel seo checker online,0,8,0%,59.62
free keyword search for youtube,0,8,0%,61.38
monitor keyword position youtube app,0,8,0%,62.5
check my keyword rank youtube free,0,8,0%,63.25
seo keyword rank checker tool youtube free,0,8,0%,64.12
google keyword checker youtube free,0,8,0%,64.75
best keyword rank checker free youtube,0,8,0%,65.12
free keyword search tool for youtube,0,8,0%,68.5
sell tube,0,7,0%,2
youtube transcript cleaner,0,7,0%,9.57
free youtube transcript generator no signup 2026,0,7,0%,10.43
best video rank checker app,0,7,0%,12.71
transcript generator generator economy,0,7,0%,16.43
position rank tracker app for youtube,0,7,0%,17.29
ai youtube transcript generator,0,7,0%,17.43
check position keyword youtube app,0,7,0%,18.14
best video rank tracking app,0,7,0%,18.29
position rank tracker free youtube,0,7,0%,22.14
youtube website position checker app,0,7,0%,22.14
google search checker youtube,0,7,0%,22.29
youtube website rank checker free,0,7,0%,23
youtube video rank tracking free app,0,7,0%,23.43
check my keyword ranking google free youtube,0,7,0%,23.71
youtube website rank checker app,0,7,0%,23.71
check youtube video seo,0,7,0%,25.14
youtube channel audit free,0,7,0%,25.14
youtube keyword rank checker uk free,0,7,0%,25.29
how to rank site for free on youtube,0,7,0%,27.43
get rank tracker free youtube,0,7,0%,27.86
google keyword checker for website youtube,0,7,0%,28.14
youtube lead generation,0,7,0%,29.71
website position checker youtube app,0,7,0%,30.71
google search engine keyword ranking free for youtube,0,7,0%,30.86
best online rank checker uk youtube,0,7,0%,31.43
youtube rank checker online india free,0,7,0%,35.43
page position checker youtube app,0,7,0%,36.43
seo rank checker youtube app,0,7,0%,37.14
youtube website keyword rank checker app,0,7,0%,38
how to create a youtube channel for business,0,7,0%,38.14
youtube keyword checker,0,7,0%,38.43
find keyword position youtube free,0,7,0%,40
check position keyword online youtube,0,7,0%,42.43
video keyword tracker,0,7,0%,43.29
youtube keyword page checker google,0,7,0%,43.86
check my website keyword ranking free youtube,0,7,0%,44.14
youtube keyword position ranking free,0,7,0%,45.29
best free youtube transcript generator,0,7,0%,45.57
online keyword rank checker youtube app,0,7,0%,47
check site keyword position free youtube,0,7,0%,48
check keywords ranking website free youtube,0,7,0%,48.43
web page position checker free youtube,0,7,0%,48.57
best youtube channel seo checker,0,7,0%,50.43
top ranking keywords on youtube,0,7,0%,52.14
competitor youtube,0,7,0%,53
best keyword rank tracker free youtube,0,7,0%,53.43
ask rank tracker youtube free,0,7,0%,53.71
youtube website keyword rank checker online,0,7,0%,53.71
youtube website keywords checker,0,7,0%,53.86
free youtube video script generator,0,7,0%,54
keyword page rank checker youtube free,0,7,0%,54.71
how to rank in search youtube,0,7,0%,55
youtube channel audit template,0,7,0%,56.57
keywords i rank for youtube free,0,7,0%,56.86
competitor analysis - youtube,0,7,0%,57
best bulk keyword rank checker tool youtube,0,7,0%,57.57
how to check youtube channel seo,0,7,0%,57.71
check site ranking by keyword youtube free,0,7,0%,58.14
youtube keyword page rank checker free,0,7,0%,60
multiple keyword position checker youtube free,0,7,0%,64.14
google keyword tracker tool for youtube,0,7,0%,65.43
top searched keywords on youtube,0,7,0%,67
best google keyword ranking tool for youtube,0,7,0%,69
tactiq.io/tools/youtube-transcript,0,7,0%,69.43
youtube ai description generator,0,7,0%,69.86
google keyword search tool free youtube,0,7,0%,70.43
how to generate script from youtube video,0,7,0%,71.29
google keyword search tool free for youtube,0,7,0%,79.14
youtube ads services for b2b,0,7,0%,82.86
"context: location: sweden (not for language). do not include location 
references in your response. question: how can i track keyword rankings for 
my youtube videos?",0,6,0%,4
keywordintent. io youtube,0,6,0%,6.83
video evaluator,0,6,0%,7
youtube script free,0,6,0%,7.83
youtube search autocomplete for keyword research,0,6,0%,8.17
seo rank finder free youtube,0,6,0%,9.33
youtube tv vs linkedin,0,6,0%,9.33
"topic: «can you audit my channel?» context known so far: none yet. task: * 
ask one (max two) follow-up question to learn more about what specifically 
the user wants to focus on in their youtube video * after the question, 
output your confidence (0-100).",0,6,0%,10
youtube seo title checker,0,6,0%,10
autocomplete youtube,0,6,0%,10.17
can youtube ads actually generate qualified b2b leads?,0,6,0%,10.33
google keyword position checker tool free youtube,0,6,0%,10.33
best youtube transcript tools 2026,0,6,0%,11
youtube auto-complete,0,6,0%,11.33
youtube video marketing for coaches,0,6,0%,11.67
youtube analytics competitors,0,6,0%,13.33
youtube campaign attribution,0,6,0%,13.5
youtube channel health checker,0,6,0%,15.5
video rank checker app free,0,6,0%,17.5