Top pages,Clicks,Impressions,CTR,Position
https://sellontube.com/tools/youtube-ranking-checker,76,56969,0.13%,32.67
https://sellontube.com/tools/youtube-transcript-generator,67,4763,1.41%,16.36
https://sellontube.com/,27,264,10.23%,6.64
https://sellontube.com/tools/youtube-channel-audit,24,1100,2.18%,25.33
https://sellontube.com/tools/youtube-autocomplete-keywords,19,1619,1.17%,10.13
https://sellontube.com/blog/best-youtube-autocomplete-keyword-tools,13,6310,0.21%,9.88
https://sellontube.com/tools/youtube-description-generator,12,2257,0.53%,24.42
https://sellontube.com/tools/youtube-competitor-analysis,8,1913,0.42%,28.25
https://sellontube.com/tools/youtube-video-keyword-finder,7,839,0.83%,52.79
https://sellontube.com/blog/youtube-vs-blog-shopify-app-case-study,7,125,5.6%,8.24
https://sellontube.com/tools/youtube-script-generator,6,1401,0.43%,13.46
https://sellontube.com/tools/youtube-roi-calculator,6,893,0.67%,10.12
https://sellontube.com/tools/youtube-tag-generator,6,588,1.02%,17.61
https://sellontube.com/blog/best-youtube-transcript-generators,5,1568,0.32%,10.18
https://sellontube.com/tools/youtube-seo-tool,5,837,0.6%,30.02
https://sellontube.com/blog/best-youtube-rank-checker-tools-for-business,4,15266,0.03%,28.15
https://sellontube.com/blog/youtube-business-plan,4,1129,0.35%,10.03
https://sellontube.com/about,4,82,4.88%,4.24
https://sellontube.com/tools,3,52,5.77%,8.48
https://sellontube.com/blog/high-intent-topic-research-framework,2,738,0.27%,12.95
https://sellontube.com/blog/youtube-for-saas-demos,2,480,0.42%,8.66
https://sellontube.com/pricing,2,290,0.69%,14.22
https://sellontube.com/blog/youtube-marketing-attribution,2,280,0.71%,17.83
https://sellontube.com/tools/youtube-video-ideas-evaluator,2,134,1.49%,7.99
https://sellontube.com/youtube-vs/tiktok-for-saas,2,96,2.08%,10.51
https://sellontube.com/how-it-works,2,68,2.94%,4.49
https://sellontube.com/youtube-vs/webinars,2,32,6.25%,6.06
https://sellontube.com/blog/youtube-seo-services,1,2535,0.04%,19.7
https://sellontube.com/blog/youtube-script-examples-business,1,1307,0.08%,8.61
https://sellontube.com/tools/youtube-title-generator,1,808,0.12%,17.82
https://sellontube.com/blog/youtube-b2b-buyer-journey-data,1,409,0.24%,6.14
https://sellontube.com/blog/youtube-shorts-for-business,1,354,0.28%,13.14
https://sellontube.com/youtube-video-ideas,1,342,0.29%,36.17
https://sellontube.com/blog/youtube-views-but-no-leads,1,307,0.33%,17.69
https://sellontube.com/blog/youtube-marketing-tools,1,250,0.4%,26.82
https://sellontube.com/youtube-video-ideas/make-money-youtube-video-ideas,1,34,2.94%,9.65
https://sellontube.com/youtube-video-ideas/saas-comparison-videos,1,17,5.88%,7.65
https://sellontube.com/youtube-video-ideas/agency-case-study-videos,1,14,7.14%,4.64
https://sellontube.com/youtube-for/shopify,1,9,11.11%,2.89
https://sellontube.com/blog/is-youtube-worth-it-for-business,1,6,16.67%,42.17
https://sellontube.com/blog/how-to-find-youtube-video-ranking-keywords,0,3639,0%,58.11
https://sellontube.com/blog/how-to-check-youtube-rankings,0,3256,0%,21.89
https://sellontube.com/blog/youtube-script-writing-guide,0,1531,0%,8.3
https://sellontube.com/blog/b2b-video-marketing-strategy,0,1238,0%,35.45
https://sellontube.com/blog/youtube-channel-optimization-checklist,0,902,0%,12.46
https://sellontube.com/blog/best-youtube-video-ideas-generators-for-businesses,0,616,0%,22.3
https://sellontube.com/blog/best-youtube-seo-tools-for-business,0,402,0%,11.73
https://sellontube.com/blog/how-to-find-youtube-autocomplete-keywords,0,279,0%,10.34
https://sellontube.com/blog/youtube-lead-generation,0,257,0%,9.42
https://sellontube.com/blog/youtube-break-even-math,0,237,0%,9.28
https://sellontube.com/blog/youtube-chapters-timestamps,0,205,0%,8.79
https://sellontube.com/blog/youtube-business-plan#what-a-youtube-business-plan-covers,0,202,0%,7.62
https://sellontube.com/blog/search-intent-youtube-seo-power,0,190,0%,7.6
https://sellontube.com/blog/youtube-business-plan#revenue-model-leads-and-sales-not-ad-revenue,0,164,0%,7.35
https://sellontube.com/blog/when-youtube-doesnt-work,0,144,0%,12.08
https://sellontube.com/blog/youtube-analytics-other-channels,0,135,0%,8.84
https://sellontube.com/tools/youtube-video-ideas-generator,0,106,0%,12.09
https://sellontube.com/blog/youtube-business-plan#90-day-content-calendar-template,0,104,0%,8.43
https://sellontube.com/blog,0,101,0%,14.8
https://sellontube.com/blog/youtube-marketing-cost,0,95,0%,6.45
https://sellontube.com/youtube-vs/linkedin-for-b2b,0,95,0%,10.15
https://sellontube.com/blog/youtube-marketing-not-working,0,91,0%,15.19
https://sellontube.com/youtube-vs,0,88,0%,9.99
https://sellontube.com/blog/is-vidiq-worth-it-for-business,0,88,0%,14.38
https://sellontube.com/blog/youtube-business-plan#costs-equipment-editing-and-time-investment,0,78,0%,7.81
https://sellontube.com/blog/youtube-description-templates,0,75,0%,6.76
https://sellontube.com/blog/youtube-growth-strategy,0,70,0%,9
https://sellontube.com/blog/youtube-marketing-roi,0,69,0%,10
https://sellontube.com/youtube-for/small-business,0,69,0%,22.72
https://sellontube.com/blog/youtube-roi-for-saas,0,58,0%,6.84
https://sellontube.com/youtube-video-ideas/mental-health-youtube-video-ideas,0,45,0%,6.58
https://sellontube.com/blog/youtube-vs-paid-ads-b2b,0,42,0%,9.45
https://sellontube.com/youtube-for,0,42,0%,12.71
https://sellontube.com/blog/youtube-autocomplete-b2b-research,0,40,0%,6.83
https://sellontube.com/blog/youtube-marketing-strategy,0,39,0%,22.72
https://sellontube.com/blog/youtube-marketing-b2b,0,37,0%,10.11
https://sellontube.com/youtube-video-ideas/saas-use-case-demo-videos,0,36,0%,9.47
https://sellontube.com/blog/b2b-video-content-ideas,0,35,0%,38.49
https://sellontube.com/youtube-for/saas,0,32,0%,6.69
https://sellontube.com/blog/youtube-ads-for-b2b-lead-generation,0,32,0%,12.16
https://sellontube.com/youtube-vs/email-marketing,0,31,0%,5.35
https://sellontube.com/youtube-video-ideas/saas-roi-proof-videos,0,30,0%,6.73
https://sellontube.com/youtube-for/b2b-companies,0,30,0%,26.27
https://sellontube.com/youtube-vs/paid-ads,0,29,0%,8.83
https://sellontube.com/youtube-video-ideas/lifestyle-youtube-video-ideas,0,29,0%,12.72
https://sellontube.com/youtube-for/business-coaches,0,26,0%,5.54
https://sellontube.com/youtube-for/fintech-companies,0,26,0%,6.04
https://sellontube.com/blog/why-most-youtube-strategies-fail,0,26,0%,8
https://sellontube.com/blog/youtube-titles-for-business,0,26,0%,9.46
https://sellontube.com/youtube-for/hr-software,0,23,0%,5.83
https://sellontube.com/privacy-policy,0,22,0%,5.36
https://sellontube.com/blog/youtube-content-strategy-guide,0,22,0%,11.86
https://sellontube.com/blog/youtube-seo-for-business,0,22,0%,12.45
https://sellontube.com/blog/youtube-competitor-analysis,0,22,0%,12.73
https://sellontube.com/youtube-video-ideas/beauty-and-fashion-youtube-video-ideas,0,20,0%,5.95
https://sellontube.com/blog/youtube-keyword-research,0,17,0%,10.06
https://sellontube.com/blog/youtube-seo-guide,0,16,0%,15.75
https://sellontube.com/terms-of-service,0,14,0%,5.14
https://sellontube.com/youtube-video-ideas/consultant-framework-videos,0,14,0%,8.93
https://sellontube.com/youtube-for/marketing-agencies,0,13,0%,19.77
https://sellontube.com/blog/youtube-marketing-plan,0,12,0%,6.33
https://sellontube.com/youtube-video-ideas/agency-red-flags-videos,0,12,0%,6.5
https://sellontube.com/youtube-for/course-creators,0,12,0%,7.67
https://sellontube.com/youtube-video-ideas/saas-competitor-alternative-videos,0,11,0%,5.45
https://sellontube.com/blog/create-youtube-channel-for-business,0,11,0%,7.18
https://sellontube.com/youtube-video-ideas/consultant-case-study-videos,0,10,0%,6.1
https://sellontube.com/youtube-vs/community-building,0,10,0%,6.1
https://sellontube.com/youtube-for/coaches,0,10,0%,8.9
https://sellontube.com/youtube-vs/seo-content,0,9,0%,5.11
https://sellontube.com/youtube-for/marketplaces,0,9,0%,7.56
https://sellontube.com/youtube-video-ideas/fitness-youtube-video-ideas,0,9,0%,8.33
https://sellontube.com/youtube-video-ideas/photographers-youtube-video-ideas,0,9,0%,9.33
https://sellontube.com/youtube-video-ideas/coach-vs-therapist-videos,0,9,0%,24.22
https://sellontube.com/youtube-video-ideas/saas-category-explainer-videos,0,8,0%,6.88
https://sellontube.com/blog/best-youtube-autocomplete-keyword-tools#1-sellontube-youtube-autocomplete-keyword-tool,0,7,0%,5.57
https://sellontube.com/shopify-app/tools/shopify-app-store-listing-grader,0,7,0%,6.57
https://sellontube.com/youtube-video-ideas/video-editors-youtube-video-ideas,0,7,0%,18.29
https://sellontube.com/youtube-for/consultants,0,6,0%,3
https://sellontube.com/youtube-for/insurance-agents,0,6,0%,5
https://sellontube.com/youtube-video-ideas/consultant-pricing-videos,0,6,0%,6.5
https://sellontube.com/youtube-vs/instagram-for-saas,0,6,0%,7.33
https://sellontube.com/youtube-video-ideas/saas-pricing-breakdown-videos,0,6,0%,11.33
https://sellontube.com/youtube-vs/podcasting,0,6,0%,16.83
https://sellontube.com/youtube-vs/linkedin-for-agencies,0,5,0%,5.2
https://sellontube.com/youtube-video-ideas/b2b-pricing-structure-videos,0,5,0%,5.4
https://sellontube.com/youtube-video-ideas/agency-audit-walkthrough-videos,0,5,0%,5.6
https://sellontube.com/youtube-for/life-coaches,0,5,0%,5.8
https://sellontube.com/youtube-for/management-consultants,0,5,0%,6
https://sellontube.com/youtube-for/cybersecurity-companies,0,5,0%,7.6
https://sellontube.com/youtube-video-ideas/agency-results-proof-videos,0,5,0%,21.8
https://sellontube.com/youtube-video-ideas/coach-methodology-videos,0,4,0%,3
https://sellontube.com/youtube-for/agencies,0,4,0%,3.25
https://sellontube.com/youtube-for/startup-founders,0,4,0%,4
https://sellontube.com/blog/best-youtube-autocomplete-keyword-tools#what-to-look-for-in-a-youtube-autocomplete-keyword-tool,0,4,0%,5.75
https://sellontube.com/blog/youtube-sales-funnel,0,4,0%,5.75
https://sellontube.com/blog/best-youtube-autocomplete-keyword-tools#4-keyword-tool-dominator,0,4,0%,6.5
https://sellontube.com/blog/best-youtube-autocomplete-keyword-tools#comparison-table-youtube-autocomplete-keyword-tools,0,4,0%,6.5
https://sellontube.com/youtube-for/dental-practices,0,4,0%,7.5
https://sellontube.com/youtube-for/subscription-businesses,0,4,0%,13.75
https://sellontube.com/youtube-for/edtech-companies,0,4,0%,25
https://sellontube.com/youtube-video-ideas/consultant-step-by-step-videos,0,4,0%,31.25
https://sellontube.com/youtube-video-ideas/b2b-roi-videos,0,3,0%,7.33
https://sellontube.com/youtube-for/mortgage-brokers,0,3,0%,7.67
https://sellontube.com/youtube-video-ideas/musicians-youtube-video-ideas,0,3,0%,8.33
https://sellontube.com/youtube-video-ideas/saas-buyer-guide-videos,0,3,0%,9.33
https://sellontube.com/youtube-vs/instagram,0,3,0%,11.67
https://sellontube.com/youtube-video-ideas/consultant-industry-analysis-videos,0,3,0%,18.33
https://sellontube.com/youtube-video-ideas/b2b-niche-expertise-videos,0,3,0%,28
https://sellontube.com/youtube-video-ideas/b2b-buyer-guide-videos,0,3,0%,35
https://sellontube.com/blog/the-youtube-acquisition-engine,0,2,0%,3.5
https://sellontube.com/blog/best-youtube-autocomplete-keyword-tools#2-keywordtoolio,0,2,0%,4
https://sellontube.com/youtube-video-ideas/real-estate-agents-youtube-video-ideas,0,2,0%,5
https://sellontube.com/product-pricing,0,2,0%,5.5
https://sellontube.com/youtube-vs/content-marketing,0,2,0%,5.5
https://sellontube.com/youtube-video-ideas/b2b-results-proof-videos,0,2,0%,6
https://sellontube.com/youtube-video-ideas/b2b-vendor-comparison-videos,0,2,0%,6
https://sellontube.com/youtube-video-ideas/b2b-onboarding-preview-videos,0,2,0%,7
https://sellontube.com/_astro/best-youtube-rank-checker-tools-for-business-featured.B1Kl6FUC.svg,0,2,0%,7.5
https://sellontube.com/youtube-video-ideas/saas-migration-videos,0,2,0%,8
https://sellontube.com/tools/,0,2,0%,16.5
https://sellontube.com/youtube-video-ideas/coach-pricing-videos,0,2,0%,27
https://sellontube.com/blog/youtube-seo-services#what-youtube-seo-services-actually-include,0,1,0%,4
https://sellontube.com/blog/youtube-seo-services#youtube-seo-services-pricing-three-tiers,0,1,0%,4
https://sellontube.com/youtube-for/recruiting-firms,0,1,0%,4
https://sellontube.com/youtube-vs/google-ads,0,1,0%,4
https://sellontube.com/blog/best-youtube-autocomplete-keyword-tools#5-keywordio,0,1,0%,5
https://sellontube.com/youtube-video-ideas/agency-pricing-structure-videos,0,1,0%,6
https://sellontube.com/youtube-video-ideas/consultant-myth-busting-videos,0,1,0%,6
https://sellontube.com/youtube-vs/facebook,0,1,0%,6
https://sellontube.com/youtube-for/accountants,0,1,0%,7
https://sellontube.com/youtube-video-ideas/coach-program-overview-videos,0,1,0%,7
https://sellontube.com/youtube-video-ideas/coach-results-videos,0,1,0%,7
https://sellontube.com/youtube-video-ideas/consultant-interview-process-videos,0,1,0%,8
https://sellontube.com/youtube-for-shopify,0,1,0%,9
https://sellontube.com/youtube-for/real-estate,0,1,0%,9
https://sellontube.com/blog/best-youtube-autocomplete-keyword-tools#3-pemavor-autocomplete-tool,0,1,0%,10
https://sellontube.com/blog/best-youtube-autocomplete-keyword-tools#6-ryrob-youtube-keyword-tool,0,1,0%,10
https://sellontube.com/blog/best-youtube-autocomplete-keyword-tools#8-ahrefs-youtube-keyword-tool,0,1,0%,10
https://sellontube.com/youtube-video-ideas/coach-niche-expertise-videos,0,1,0%,10
https://sellontube.com/youtube-vs/referral-marketing,0,1,0%,10
https://sellontube.com/blog/ai-tools-for-youtube,0,1,0%,18
https://sellontube.com/youtube-for/healthcare-practices,0,1,0%,36
https://sellontube.com/youtube-video-ideas/b2b-problem-framing-videos,0,1,0%,41